aa_code,amino_acid,codon,subfam,cts,prop,w_cai,rscu
F,Phe,TTT,Phe_TT,5709,0.593678519442712,1,1.18735703888542
F,Phe,TTC,Phe_TT,3907,0.406321480557288,0.684413309982487,0.812642961114577
L,Leu,TTA,Leu_TT,5621,0.496292372881356,0.98527865404837,0.992584745762712
L,Leu,TTG,Leu_TT,5705,0.503707627118644,1,1.00741525423729
S,Ser,TCT,Ser_TC,4981,0.364341085271318,1,1.45736434108527
S,Ser,TCC,Ser_TC,2944,0.215372239286237,0.591128061019671,0.861488957144947
S,Ser,TCA,Ser_TC,3891,0.284627760713763,0.781212364512244,1.13851104285505
S,Ser,TCG,Ser_TC,1854,0.135658914728682,0.372340425531915,0.542635658914729
Y,Tyr,TAT,Tyr_TA,4037,0.570500141282848,1,1.1410002825657
Y,Tyr,TAC,Tyr_TA,3039,0.429499858717152,0.752847944526994,0.858999717434303
C,Cys,TGT,Cys_TG,1685,0.610427226647357,1,1.22085445329471
C,Cys,TGC,Cys_TG,1075,0.389572773352643,0.638196915776987,0.779145546705286
W,Trp,TGG,Trp_TG,2172,1,1,1
L,Leu,CTT,Leu_CT,2684,0.291720990873533,0.907401149036837,1.16688396349413
L,Leu,CTC,Leu_CT,1236,0.134398087787918,0.418046637377492,0.537592351151673
L,Leu,CTA,Leu_CT,2958,0.321490656236419,1,1.28596262494568
L,Leu,CTG,Leu_CT,2322,0.25239026510213,0.785062521122001,1.00956106040852
P,Pro,CCT,Pro_CC,2756,0.300130633572828,0.732854864433812,1.20052253429131
P,Pro,CCC,Pro_CC,1491,0.16242107554975,0.396597554492291,0.649684302198999
P,Pro,CCA,Pro_CC,3761,0.40953625081646,1,1.63814500326584
P,Pro,CCG,Pro_CC,1174,0.127912040060962,0.312333864965444,0.511648160243849
H,His,CAT,His_CA,2865,0.634772978959026,1,1.26954595791805
H,His,CAC,His_CA,1648,0.365227021040975,0.575366364270761,0.730454042081949
Q,Gln,CAA,Gln_CA,5538,0.691942535915053,1,1.38388507183011
Q,Gln,CAG,Gln_CA,2465,0.308057464084947,0.445206716013721,0.616114928169894
R,Arg,CGT,Arg_CG,1370,0.448625654450262,1,1.79450261780105
R,Arg,CGC,Arg_CG,594,0.194698952879581,0.433989788475565,0.778795811518325
R,Arg,CGA,Arg_CG,663,0.217277486910995,0.484318016046681,0.869109947643979
R,Arg,CGG,Arg_CG,425,0.139397905759162,0.310722100656455,0.557591623036649
I,Ile,ATT,Ile_AT,6303,0.461392080802166,1,1.3841762424065
I,Ile,ATC,Ile_AT,3490,0.255507575203103,0.55377538071066,0.76652272560931
I,Ile,ATA,Ile_AT,3867,0.28310034399473,0.613578680203046,0.849301031984191
M,Met,ATG,Met_AT,3910,1,1,1
T,Thr,ACT,Thr_AC,4137,0.334952242188765,1,1.33980896875506
T,Thr,ACC,Thr_AC,2586,0.209405860450057,0.625181246979217,0.837623441800227
T,Thr,ACA,Thr_AC,3804,0.307997409745831,0.919526341227646,1.23198963898333
T,Thr,ACG,Thr_AC,1823,0.147644487615347,0.440792653455776,0.590577950461389
N,Asn,AAT,Asn_AA,7575,0.597287921791233,1,1.19457584358247
N,Asn,AAC,Asn_AA,5107,0.402712078208767,0.674234424498416,0.805424156417534
K,Lys,AAA,Lys_AA,9043,0.580636877247047,1,1.16127375449409
K,Lys,AAG,Lys_AA,6531,0.419363122752953,0.722246793454224,0.838726245505907
S,Ser,AGT,Ser_AG,3045,0.580079984764807,1,1.16015996952961
S,Ser,AGC,Ser_AG,2204,0.419920015235193,0.723900196979645,0.839840030470387
R,Arg,AGA,Arg_AG,4415,0.68785046728972,1,1.37570093457944
R,Arg,AGG,Arg_AG,2003,0.31214953271028,0.453804347826087,0.624299065420561
V,Val,GTT,Val_GT,4626,0.394492284082189,1,1.57796913632876
V,Val,GTC,Val_GT,2301,0.196265666297212,0.497514588286147,0.785062665188848
V,Val,GTA,Val_GT,2508,0.2139142296871,0.542251999135509,0.855656918748401
V,Val,GTG,Val_GT,2290,0.195327819933498,0.495137237951156,0.781311279733993
A,Ala,GCT,Ala_GC,4281,0.367774628532165,1,1.47109851412866
A,Ala,GCC,Ala_GC,2525,0.216954393197629,0.589911256422233,0.867817572790518
A,Ala,GCA,Ala_GC,3502,0.300867474018724,0.818075665576833,1.20346989607489
A,Ala,GCG,Ala_GC,1331,0.114403504251482,0.311069593647828,0.457614017005926
D,Asp,GAT,Asp_GA,7876,0.651368560324154,1,1.30273712064831
D,Asp,GAC,Asp_GA,4215,0.348631439675846,0.53522914815285,0.697262879351691
E,Glu,GAA,Glu_GA,9811,0.696776026132652,1,1.3935520522653
E,Glu,GAG,Glu_GA,4269,0.303223973867348,0.435181410517733,0.606447947734697
G,Gly,GGT,Gly_GG,4695,0.448819650195929,1,1.79527860078371
G,Gly,GGC,Gly_GG,2067,0.197648857880149,0.440374787052811,0.790595431520596
G,Gly,GGA,Gly_GG,2451,0.234349612921724,0.522146507666099,0.937398451686897
G,Gly,GGG,Gly_GG,1246,0.119181879002198,0.265545144804089,0.476727516008793
