amino_acid,aa_code,codon,subfam,count,prop,w_cai,rscu
Lys,K,AAA,Lys_AA,9044.00,0.580637,1.000000,1.161274
Asn,N,AAC,Asn_AA,5108.00,0.402712,0.674234,0.805424
Lys,K,AAG,Lys_AA,6532.00,0.419363,0.722247,0.838726
Asn,N,AAT,Asn_AA,7576.00,0.597288,1.000000,1.194576
Thr,T,ACA,Thr_AC,3805.00,0.307997,0.919526,1.231990
Thr,T,ACC,Thr_AC,2587.00,0.209406,0.625181,0.837623
Thr,T,ACG,Thr_AC,1824.00,0.147644,0.440793,0.590578
Thr,T,ACT,Thr_AC,4138.00,0.334952,1.000000,1.339809
Arg,R,AGA,Arg_AG,4416.00,0.687850,1.000000,1.375701
Ser,S,AGC,Ser_AG,2205.00,0.419920,0.723900,0.839840
Arg,R,AGG,Arg_AG,2004.00,0.312150,0.453804,0.624299
Ser,S,AGT,Ser_AG,3046.00,0.580080,1.000000,1.160160
Ile,I,ATA,Ile_AT,3868.00,0.283100,0.613579,0.849301
Ile,I,ATC,Ile_AT,3491.00,0.255508,0.553775,0.766523
Met,M,ATG,Met_AT,4408.00,1.000000,1.000000,1.000000
Ile,I,ATT,Ile_AT,6304.00,0.461392,1.000000,1.384176
Gln,Q,CAA,Gln_CA,5539.00,0.691943,1.000000,1.383885
His,H,CAC,His_CA,1649.00,0.365227,0.575366,0.730454
Gln,Q,CAG,Gln_CA,2466.00,0.308057,0.445207,0.616115
His,H,CAT,His_CA,2866.00,0.634773,1.000000,1.269546
Pro,P,CCA,Pro_CC,3762.00,0.409536,1.000000,1.638145
Pro,P,CCC,Pro_CC,1492.00,0.162421,0.396598,0.649684
Pro,P,CCG,Pro_CC,1175.00,0.127912,0.312334,0.511648
Pro,P,CCT,Pro_CC,2757.00,0.300131,0.732855,1.200523
Arg,R,CGA,Arg_CG,664.00,0.217277,0.484318,0.869110
Arg,R,CGC,Arg_CG,595.00,0.194699,0.433990,0.778796
Arg,R,CGG,Arg_CG,426.00,0.139398,0.310722,0.557592
Arg,R,CGT,Arg_CG,1371.00,0.448626,1.000000,1.794503
Leu,L,CTA,Leu_CT,2959.00,0.321491,1.000000,1.285963
Leu,L,CTC,Leu_CT,1237.00,0.134398,0.418047,0.537592
Leu,L,CTG,Leu_CT,2323.00,0.252390,0.785063,1.009561
Leu,L,CTT,Leu_CT,2685.00,0.291721,0.907401,1.166884
Glu,E,GAA,Glu_GA,9812.00,0.696776,1.000000,1.393552
Asp,D,GAC,Asp_GA,4216.00,0.348631,0.535229,0.697263
Glu,E,GAG,Glu_GA,4270.00,0.303224,0.435181,0.606448
Asp,D,GAT,Asp_GA,7877.00,0.651369,1.000000,1.302737
Ala,A,GCA,Ala_GC,3503.00,0.300867,0.818076,1.203470
Ala,A,GCC,Ala_GC,2526.00,0.216954,0.589911,0.867818
Ala,A,GCG,Ala_GC,1332.00,0.114404,0.311070,0.457614
Ala,A,GCT,Ala_GC,4282.00,0.367775,1.000000,1.471099
Gly,G,GGA,Gly_GG,2452.00,0.234350,0.522147,0.937398
Gly,G,GGC,Gly_GG,2068.00,0.197649,0.440375,0.790595
Gly,G,GGG,Gly_GG,1247.00,0.119182,0.265545,0.476728
Gly,G,GGT,Gly_GG,4696.00,0.448820,1.000000,1.795279
Val,V,GTA,Val_GT,2509.00,0.213914,0.542252,0.855657
Val,V,GTC,Val_GT,2302.00,0.196266,0.497515,0.785063
Val,V,GTG,Val_GT,2291.00,0.195328,0.495137,0.781311
Val,V,GTT,Val_GT,4627.00,0.394492,1.000000,1.577969
Tyr,Y,TAC,Tyr_TA,3040.00,0.429500,0.752848,0.859000
Tyr,Y,TAT,Tyr_TA,4038.00,0.570500,1.000000,1.141000
Ser,S,TCA,Ser_TC,3892.00,0.284628,0.781212,1.138511
Ser,S,TCC,Ser_TC,2945.00,0.215372,0.591128,0.861489
Ser,S,TCG,Ser_TC,1855.00,0.135659,0.372340,0.542636
Ser,S,TCT,Ser_TC,4982.00,0.364341,1.000000,1.457364
Cys,C,TGC,Cys_TG,1076.00,0.389573,0.638197,0.779146
Trp,W,TGG,Trp_TG,2173.00,1.000000,1.000000,1.000000
Cys,C,TGT,Cys_TG,1686.00,0.610427,1.000000,1.220854
Leu,L,TTA,Leu_TT,5622.00,0.496292,0.985279,0.992585
Phe,F,TTC,Phe_TT,3908.00,0.406321,0.684413,0.812643
Leu,L,TTG,Leu_TT,5706.00,0.503708,1.000000,1.007415
Phe,F,TTT,Phe_TT,5710.00,0.593679,1.000000,1.187357
